time,open,high,low,close,tick_volume,spread,real_volume
2025-03-25 06:40:00,3015.968,3016.394,3015.396,3015.628,427,0,0
2025-03-25 06:45:00,3015.661,3016.018,3014.883,3015.464,389,0,0
2025-03-25 06:50:00,3015.488,3017.272,3015.437,3017.272,644,0,0
2025-03-25 06:55:00,3017.23,3018.564,3017.147,3017.856,445,0,0
2025-03-25 07:00:00,3017.888,3018.203,3016.579,3016.785,462,0,0
2025-03-25 07:05:00,3016.709,3017.102,3015.5,3017.061,409,0,0
2025-03-25 07:10:00,3017.02,3017.564,3016.825,3017.221,341,0,0
2025-03-25 07:15:00,3017.227,3017.321,3015.035,3015.276,422,0,0
2025-03-25 07:20:00,3015.312,3015.565,3013.165,3013.439,598,0,0
2025-03-25 07:25:00,3013.436,3015.205,3013.303,3014.773,503,0,0
2025-03-25 07:30:00,3014.755,3016.528,3014.755,3015.741,559,0,0
2025-03-25 07:35:00,3015.71,3015.71,3013.945,3013.945,377,0,0
2025-03-25 07:40:00,3013.89,3014.211,3012.711,3013.189,351,0,0
2025-03-25 07:45:00,3013.189,3013.573,3012.721,3012.81,383,0,0
2025-03-25 07:50:00,3012.745,3013.282,3012.437,3012.852,324,0,0
2025-03-25 07:55:00,3012.827,3012.964,3010.601,3011.21,622,0,0
2025-03-25 08:00:00,3011.231,3012.651,3011.231,3011.617,620,0,0
2025-03-25 08:05:00,3011.616,3012.532,3010.761,3012.211,537,0,0
2025-03-25 08:10:00,3012.189,3015.331,3011.913,3013.671,766,0,0
2025-03-25 08:15:00,3013.682,3014.141,3012.969,3014.006,428,0,0
2025-03-25 08:20:00,3013.983,3016.747,3013.444,3016.4,708,0,0
2025-03-25 08:25:00,3016.378,3018.211,3016.115,3018.014,644,0,0
2025-03-25 08:30:00,3018.037,3020.277,3017.685,3019.261,943,0,0
2025-03-25 08:35:00,3019.251,3020.509,3018.833,3020.319,755,0,0
2025-03-25 08:40:00,3020.324,3020.451,3018.447,3020.038,617,0,0
2025-03-25 08:45:00,3020.003,3021.35,3019.839,3020.76,747,0,0
2025-03-25 08:50:00,3020.758,3021.733,3020.758,3021.551,485,0,0
2025-03-25 08:55:00,3021.553,3022.013,3020.493,3021.4,461,0,0
2025-03-25 09:00:00,3021.353,3021.566,3020.872,3021.177,340,0,0
2025-03-25 09:05:00,3021.144,3021.355,3019.849,3020.509,526,0,0
2025-03-25 09:10:00,3020.511,3021.509,3020.503,3021.25,459,0,0
2025-03-25 09:15:00,3021.248,3021.773,3020.557,3020.747,506,0,0
2025-03-25 09:20:00,3020.745,3021.872,3020.124,3021.701,524,0,0
2025-03-25 09:25:00,3021.763,3021.907,3020.919,3021.199,356,0,0
2025-03-25 09:30:00,3021.228,3021.499,3019.067,3020.111,471,0,0
2025-03-25 09:35:00,3020.077,3021.159,3019.64,3020.903,660,0,0
2025-03-25 09:40:00,3020.942,3021.289,3020.174,3021.216,357,0,0
2025-03-25 09:45:00,3021.283,3023.107,3021.029,3022.806,455,0,0
2025-03-25 09:50:00,3022.802,3023.641,3022.255,3022.374,480,0,0
2025-03-25 09:55:00,3022.306,3023.441,3022.023,3023.343,414,0,0
2025-03-25 10:00:00,3023.309,3023.724,3022.919,3023.156,397,0,0
2025-03-25 10:05:00,3023.158,3024.014,3022.902,3023.45,370,0,0
2025-03-25 10:10:00,3023.445,3024.946,3023.41,3023.942,739,0,0
2025-03-25 10:15:00,3023.988,3024.445,3023.76,3024.217,404,0,0
2025-03-25 10:20:00,3024.265,3024.342,3022.205,3022.684,686,0,0
2025-03-25 10:25:00,3022.722,3023.097,3021.278,3021.477,561,0,0
2025-03-25 10:30:00,3021.402,3022.275,3020.738,3021.641,536,0,0
2025-03-25 10:35:00,3021.62,3023.962,3021.62,3023.579,540,0,0
2025-03-25 10:40:00,3023.544,3023.751,3022.611,3023.219,385,0,0
2025-03-25 10:45:00,3023.29,3024.459,3022.725,3024.016,541,0,0
2025-03-25 10:50:00,3024.071,3024.564,3022.954,3022.954,509,0,0
2025-03-25 10:55:00,3022.987,3023.982,3022.91,3023.621,414,0,0
2025-03-25 11:00:00,3023.623,3024.542,3023.563,3024.364,406,0,0
2025-03-25 11:05:00,3024.363,3024.89,3023.345,3024.748,522,0,0
2025-03-25 11:10:00,3024.756,3025.05,3024.065,3024.286,410,0,0
2025-03-25 11:15:00,3024.284,3025.229,3024.278,3024.576,401,0,0
2025-03-25 11:20:00,3024.585,3025.538,3023.537,3023.662,458,0,0
2025-03-25 11:25:00,3023.664,3025.229,3023.572,3025.206,515,0,0
2025-03-25 11:30:00,3025.162,3026.516,3024.938,3025.081,551,0,0
2025-03-25 11:35:00,3025.126,3025.618,3024.356,3024.41,511,0,0
2025-03-25 11:40:00,3024.433,3024.933,3022.848,3023.578,621,0,0
2025-03-25 11:45:00,3023.577,3023.8,3021.9,3022.623,519,0,0
2025-03-25 11:50:00,3022.585,3023.178,3021.434,3022.224,716,0,0
2025-03-25 11:55:00,3022.204,3022.204,3020.505,3020.855,611,0,0
2025-03-25 12:00:00,3020.818,3022.006,3018.72,3018.748,558,0,0
2025-03-25 12:05:00,3018.719,3019.213,3016.846,3017.176,881,0,0
2025-03-25 12:10:00,3017.14,3018.253,3015.683,3018.121,1065,0,0
2025-03-25 12:15:00,3018.152,3018.923,3016.371,3016.461,1109,0,0
2025-03-25 12:20:00,3016.516,3017.15,3014.188,3016.308,943,0,0
2025-03-25 12:25:00,3016.354,3017.317,3016.147,3016.752,736,0,0
2025-03-25 12:30:00,3016.793,3019.78,3016.793,3018.376,1160,0,0
2025-03-25 12:35:00,3018.458,3020.147,3017.307,3017.342,1095,0,0
2025-03-25 12:40:00,3017.307,3019.601,3017.029,3018.889,762,0,0
2025-03-25 12:45:00,3018.845,3020.235,3018.489,3019.957,652,0,0
2025-03-25 12:50:00,3019.942,3021.085,3019.02,3021.01,629,0,0
2025-03-25 12:55:00,3020.966,3023.28,3020.297,3021.882,676,0,0
2025-03-25 13:00:00,3021.83,3023.194,3020.901,3022.546,904,0,0
2025-03-25 13:05:00,3022.443,3023.782,3021.9,3022.905,747,0,0
2025-03-25 13:10:00,3022.865,3025.199,3022.854,3024.256,849,0,0
2025-03-25 13:15:00,3024.283,3024.678,3021.135,3021.776,965,0,0
2025-03-25 13:20:00,3021.779,3023.495,3021.522,3023.191,638,0,0
2025-03-25 13:25:00,3023.231,3024.178,3022.378,3023.401,750,0,0
2025-03-25 13:30:00,3023.382,3025.422,3023.382,3025.306,1469,0,0
2025-03-25 13:35:00,3025.275,3029.167,3024.993,3027.997,1935,0,0
2025-03-25 13:40:00,3028.021,3030.723,3027.489,3027.86,1725,0,0
2025-03-25 13:45:00,3027.832,3030.104,3026.345,3028.676,1182,0,0
2025-03-25 13:50:00,3028.712,3030.317,3028.337,3028.587,1261,0,0
2025-03-25 13:55:00,3028.692,3029.397,3027.353,3028.893,902,0,0
2025-03-25 14:00:00,3028.883,3033.976,3027.723,3033.802,1624,0,0
2025-03-25 14:05:00,3033.827,3036.067,3033.827,3034.762,1694,0,0
2025-03-25 14:10:00,3034.75,3035.002,3030.966,3032.41,1435,0,0
2025-03-25 14:15:00,3032.37,3033.919,3029.129,3030.851,1630,0,0
2025-03-25 14:20:00,3030.883,3031.188,3027.386,3028.26,1487,0,0
2025-03-25 14:25:00,3028.237,3029.436,3027.586,3028.256,1486,0,0
2025-03-25 14:30:00,3028.214,3029.813,3025.602,3028.036,1673,0,0
2025-03-25 14:35:00,3028.004,3030.14,3026.989,3030.081,904,0,0
2025-03-25 14:40:00,3030.106,3030.88,3029.755,3030.367,870,0,0
2025-03-25 14:45:00,3030.373,3030.778,3028.349,3028.377,857,0,0
2025-03-25 14:50:00,3028.454,3028.7,3025.898,3028.12,982,0,0
2025-03-25 14:55:00,3028.159,3028.883,3025.106,3025.106,1084,0,0
2025-03-25 15:00:00,3025.077,3028.129,3024.637,3025.733,1493,0,0
2025-03-25 15:05:00,3025.723,3026.645,3024.638,3024.848,1045,0,0
2025-03-25 15:10:00,3024.739,3025.132,3021.069,3023.114,1397,0,0
2025-03-25 15:15:00,3023.048,3023.677,3020.848,3021.111,957,0,0
2025-03-25 15:20:00,3021.07,3022.627,3020.902,3022.372,965,0,0
2025-03-25 15:25:00,3022.339,3023.468,3021.635,3022.792,904,0,0
2025-03-25 15:30:00,3022.817,3024.285,3018.029,3024.213,1940,0,0
2025-03-25 15:35:00,3024.176,3025.116,3022.28,3022.475,924,0,0
2025-03-25 15:40:00,3022.474,3023.453,3020.905,3023.234,774,0,0
2025-03-25 15:45:00,3023.273,3023.371,3021.837,3022.43,653,0,0
2025-03-25 15:50:00,3022.424,3022.766,3021.536,3021.787,548,0,0
2025-03-25 15:55:00,3021.762,3022.153,3021.102,3021.641,591,0,0
2025-03-25 16:00:00,3021.672,3023.077,3021.486,3022.834,867,0,0
2025-03-25 16:05:00,3022.87,3024.023,3021.574,3023.675,607,0,0
2025-03-25 16:10:00,3023.714,3024.425,3023.184,3024.038,561,0,0
2025-03-25 16:15:00,3024.025,3024.277,3022.298,3022.345,584,0,0
2025-03-25 16:20:00,3022.312,3024.273,3022.276,3023.649,635,0,0
2025-03-25 16:25:00,3023.739,3023.866,3022.292,3022.62,518,0,0
2025-03-25 16:30:00,3022.59,3023.871,3022.331,3023.632,580,0,0
2025-03-25 16:35:00,3023.672,3024.484,3023.164,3023.903,666,0,0
2025-03-25 16:40:00,3023.928,3024.735,3023.28,3024.105,538,0,0
2025-03-25 16:45:00,3024.075,3025.624,3023.89,3024.83,535,0,0
2025-03-25 16:50:00,3024.857,3025.436,3024.435,3025.133,441,0,0
2025-03-25 16:55:00,3025.097,3025.294,3023.204,3023.251,462,0,0
2025-03-25 17:00:00,3023.272,3023.414,3021.429,3022.548,650,0,0
2025-03-25 17:05:00,3022.539,3023.409,3022.305,3023.193,533,0,0
2025-03-25 17:10:00,3023.103,3023.26,3021.914,3022.037,464,0,0
2025-03-25 17:15:00,3022.114,3023.006,3021.928,3022.864,483,0,0
2025-03-25 17:20:00,3022.872,3023.164,3020.743,3022.107,701,0,0
2025-03-25 17:25:00,3022.079,3022.383,3019.903,3021.493,817,0,0
2025-03-25 17:30:00,3021.536,3022.115,3019.965,3020.919,688,0,0
2025-03-25 17:35:00,3020.812,3022.479,3020.713,3021.987,597,0,0
2025-03-25 17:40:00,3022.012,3022.726,3021.872,3022.159,530,0,0
2025-03-25 17:45:00,3022.162,3022.229,3020.907,3021.275,515,0,0
2025-03-25 17:50:00,3021.331,3022.566,3021.296,3022.183,441,0,0
2025-03-25 17:55:00,3022.228,3022.973,3021.924,3022.716,430,0,0
2025-03-25 18:00:00,3022.67,3022.812,3021.71,3021.963,385,0,0
2025-03-25 18:05:00,3021.967,3022.402,3021.068,3022.285,345,0,0
2025-03-25 18:10:00,3022.22,3022.909,3022.109,3022.241,346,0,0
2025-03-25 18:15:00,3022.313,3022.478,3020.239,3020.284,405,0,0
2025-03-25 18:20:00,3020.294,3020.294,3019.11,3019.47,542,0,0
2025-03-25 18:25:00,3019.443,3019.536,3018.543,3019.003,546,0,0
2025-03-25 18:30:00,3018.964,3019.534,3018.146,3018.244,521,0,0
2025-03-25 18:35:00,3018.208,3018.636,3018.032,3018.429,386,0,0
2025-03-25 18:40:00,3018.421,3018.817,3017.948,3018.817,422,0,0
2025-03-25 18:45:00,3018.804,3019.091,3017.839,3018.222,350,0,0
2025-03-25 18:50:00,3018.22,3019.268,3017.831,3019.11,385,0,0
2025-03-25 18:55:00,3019.082,3019.104,3018.405,3018.635,430,0,0
2025-03-25 19:00:00,3018.603,3019.23,3017.801,3019.14,357,0,0
2025-03-25 19:05:00,3019.085,3019.46,3018.924,3019.342,294,0,0
2025-03-25 19:10:00,3019.258,3019.7,3018.856,3019.603,302,0,0
2025-03-25 19:15:00,3019.597,3019.695,3019.062,3019.216,281,0,0
2025-03-25 19:20:00,3019.215,3019.646,3018.768,3019.138,342,0,0
2025-03-25 19:25:00,3019.143,3019.275,3018.746,3018.936,257,0,0
2025-03-25 19:30:00,3018.936,3019.785,3018.881,3019.785,344,0,0
2025-03-25 19:35:00,3019.774,3019.964,3019.0,3019.308,415,0,0
2025-03-25 19:40:00,3019.372,3020.198,3019.292,3020.099,321,0,0
2025-03-25 19:45:00,3020.097,3020.832,3020.015,3020.498,392,0,0
2025-03-25 19:50:00,3020.46,3020.508,3018.98,3019.174,384,0,0
2025-03-25 19:55:00,3019.174,3019.786,3018.785,3019.67,487,0,0
2025-03-25 20:00:00,3019.696,3019.727,3019.289,3019.518,194,0,0
2025-03-25 20:05:00,3019.518,3019.982,3018.847,3019.812,238,0,0
2025-03-25 20:10:00,3019.874,3020.37,3019.726,3020.135,197,0,0
2025-03-25 20:15:00,3020.135,3020.741,3020.07,3020.545,169,0,0
2025-03-25 20:20:00,3020.545,3020.708,3020.17,3020.568,156,0,0
2025-03-25 20:25:00,3020.572,3020.601,3019.911,3019.991,143,0,0
2025-03-25 20:30:00,3019.981,3020.543,3019.914,3020.46,157,0,0
2025-03-25 20:35:00,3020.459,3020.53,3020.007,3020.197,154,0,0
2025-03-25 20:40:00,3020.195,3020.473,3020.136,3020.354,130,0,0
2025-03-25 20:45:00,3020.31,3020.806,3020.006,3020.665,179,0,0
2025-03-25 20:50:00,3020.658,3020.658,3019.881,3019.92,159,0,0
2025-03-25 20:55:00,3019.907,3020.598,3019.907,3020.367,106,0,0
2025-03-25 22:00:00,3019.743,3021.356,3019.743,3021.324,339,0,0
2025-03-25 22:05:00,3021.245,3022.558,3021.007,3021.956,305,0,0
2025-03-25 22:10:00,3021.953,3022.433,3021.845,3021.998,155,0,0
2025-03-25 22:15:00,3021.996,3022.03,3020.754,3020.843,278,0,0
2025-03-25 22:20:00,3020.842,3021.138,3020.398,3020.843,229,0,0
2025-03-25 22:25:00,3020.841,3021.589,3020.792,3021.509,144,0,0
2025-03-25 22:30:00,3021.465,3021.465,3020.424,3020.521,159,0,0
2025-03-25 22:35:00,3020.519,3021.157,3020.437,3021.136,131,0,0
2025-03-25 22:40:00,3021.151,3021.524,3020.955,3020.955,168,0,0
2025-03-25 22:45:00,3020.954,3020.994,3020.707,3020.87,143,0,0
2025-03-25 22:50:00,3020.867,3021.378,3020.802,3020.996,144,0,0
2025-03-25 22:55:00,3021.003,3021.567,3021.003,3021.353,164,0,0
2025-03-25 23:00:00,3021.353,3021.618,3021.077,3021.449,172,0,0
2025-03-25 23:05:00,3021.438,3021.735,3021.375,3021.586,165,0,0
2025-03-25 23:10:00,3021.588,3021.623,3021.06,3021.137,172,0,0
2025-03-25 23:15:00,3021.068,3021.503,3020.827,3021.071,146,0,0
2025-03-25 23:20:00,3021.069,3021.67,3020.852,3021.531,165,0,0
2025-03-25 23:25:00,3021.518,3021.766,3021.234,3021.265,162,0,0
2025-03-25 23:30:00,3021.261,3021.797,3020.846,3021.667,192,0,0
2025-03-25 23:35:00,3021.739,3021.891,3021.342,3021.621,153,0,0
2025-03-25 23:40:00,3021.567,3021.647,3021.213,3021.311,88,0,0
2025-03-25 23:45:00,3021.31,3021.453,3020.584,3020.989,179,0,0
2025-03-25 23:50:00,3020.983,3021.708,3020.777,3021.548,164,0,0
2025-03-25 23:55:00,3021.566,3021.566,3020.848,3021.121,279,0,0
2025-03-26 00:00:00,3021.117,3021.754,3020.933,3021.309,346,0,0
2025-03-26 00:05:00,3021.265,3021.571,3020.965,3021.249,202,0,0
2025-03-26 00:10:00,3021.302,3021.5,3020.968,3021.385,222,0,0
2025-03-26 00:15:00,3021.347,3021.763,3021.219,3021.631,220,0,0
2025-03-26 00:20:00,3021.675,3022.312,3021.532,3021.823,300,0,0
2025-03-26 00:25:00,3021.822,3021.822,3020.613,3020.622,310,0,0
2025-03-26 00:30:00,3020.597,3021.355,3020.157,3020.525,370,0,0
2025-03-26 00:35:00,3020.458,3020.458,3018.107,3018.455,397,0,0
2025-03-26 00:40:00,3018.469,3018.925,3017.98,3018.172,356,0,0
2025-03-26 00:45:00,3018.176,3018.847,3017.94,3018.537,342,0,0
2025-03-26 00:50:00,3018.55,3019.136,3017.969,3018.116,327,0,0
2025-03-26 00:55:00,3018.133,3018.456,3017.879,3018.205,350,0,0
2025-03-26 01:00:00,3018.222,3018.222,3016.486,3016.859,1043,0,0
2025-03-26 01:05:00,3016.793,3017.667,3016.474,3016.919,604,0,0
2025-03-26 01:10:00,3016.878,3019.018,3016.541,3018.727,753,0,0
2025-03-26 01:15:00,3018.804,3020.395,3018.788,3018.906,974,0,0
2025-03-26 01:20:00,3018.899,3019.122,3017.685,3018.339,768,0,0
2025-03-26 01:25:00,3018.383,3019.668,3018.383,3018.599,718,0,0
2025-03-26 01:30:00,3018.551,3020.401,3018.195,3019.884,741,0,0
2025-03-26 01:35:00,3019.924,3021.056,3019.842,3020.371,596,0,0
2025-03-26 01:40:00,3020.305,3022.774,3020.078,3022.705,683,0,0
2025-03-26 01:45:00,3022.684,3023.559,3022.026,3022.508,566,0,0
2025-03-26 01:50:00,3022.471,3024.554,3022.179,3024.109,537,0,0
2025-03-26 01:55:00,3024.108,3025.595,3024.083,3024.846,602,0,0
2025-03-26 02:00:00,3024.87,3026.408,3023.907,3024.749,817,0,0
2025-03-26 02:05:00,3024.734,3026.173,3024.565,3025.068,590,0,0
2025-03-26 02:10:00,3025.032,3026.069,3024.749,3025.259,637,0,0
2025-03-26 02:15:00,3025.233,3025.96,3024.806,3025.46,510,0,0
2025-03-26 02:20:00,3025.461,3026.345,3025.17,3025.437,546,0,0
2025-03-26 02:25:00,3025.406,3026.368,3024.796,3026.17,404,0,0
2025-03-26 02:30:00,3026.12,3026.12,3024.936,3025.637,579,0,0
2025-03-26 02:35:00,3025.678,3027.215,3025.585,3026.294,734,0,0
2025-03-26 02:40:00,3026.347,3026.704,3023.539,3023.547,712,0,0
2025-03-26 02:45:00,3023.543,3024.831,3023.198,3024.005,573,0,0
2025-03-26 02:50:00,3023.979,3024.216,3022.928,3023.41,398,0,0
2025-03-26 02:55:00,3023.404,3024.483,3023.099,3024.329,741,0,0
2025-03-26 03:00:00,3024.286,3024.286,3022.571,3023.014,509,0,0
2025-03-26 03:05:00,3022.996,3023.166,3022.206,3022.461,418,0,0
2025-03-26 03:10:00,3022.422,3022.834,3020.987,3021.0,681,0,0
2025-03-26 03:15:00,3020.969,3021.302,3019.946,3020.509,691,0,0
2025-03-26 03:20:00,3020.492,3021.063,3019.414,3019.414,513,0,0
2025-03-26 03:25:00,3019.458,3020.103,3018.726,3018.726,645,0,0
2025-03-26 03:30:00,3018.772,3019.517,3018.213,3018.653,609,0,0
2025-03-26 03:35:00,3018.639,3018.895,3017.582,3017.664,402,0,0
2025-03-26 03:40:00,3017.667,3019.42,3016.772,3018.892,758,0,0
2025-03-26 03:45:00,3018.872,3019.073,3017.084,3017.451,500,0,0
2025-03-26 03:50:00,3017.475,3017.88,3016.594,3016.694,654,0,0
2025-03-26 03:55:00,3016.694,3017.704,3016.558,3017.696,412,0,0
2025-03-26 04:00:00,3017.624,3017.72,3016.435,3016.973,396,0,0
2025-03-26 04:05:00,3016.952,3017.054,3015.957,3016.573,342,0,0
2025-03-26 04:10:00,3016.575,3017.085,3016.431,3016.98,334,0,0
2025-03-26 04:15:00,3016.985,3017.759,3016.545,3016.941,519,0,0
2025-03-26 04:20:00,3016.923,3017.033,3016.205,3016.658,472,0,0
2025-03-26 04:25:00,3016.651,3016.651,3015.526,3015.763,347,0,0
2025-03-26 04:30:00,3015.685,3015.768,3015.089,3015.653,315,0,0
2025-03-26 04:35:00,3015.653,3015.782,3015.032,3015.374,272,0,0
2025-03-26 04:40:00,3015.371,3015.536,3014.847,3015.058,284,0,0
2025-03-26 04:45:00,3015.067,3015.435,3014.793,3015.315,301,0,0
2025-03-26 04:50:00,3015.343,3015.755,3014.641,3014.887,392,0,0
2025-03-26 04:55:00,3014.877,3015.344,3014.329,3015.344,342,0,0
2025-03-26 05:00:00,3015.312,3015.858,3014.331,3015.626,438,0,0
2025-03-26 05:05:00,3015.715,3016.606,3013.561,3014.227,704,0,0
2025-03-26 05:10:00,3014.189,3015.041,3013.298,3015.041,451,0,0
2025-03-26 05:15:00,3015.139,3016.071,3014.958,3015.796,373,0,0
2025-03-26 05:20:00,3015.789,3016.089,3015.125,3015.268,336,0,0
2025-03-26 05:25:00,3015.268,3016.091,3014.916,3016.055,354,0,0
2025-03-26 05:30:00,3016.08,3017.782,3015.545,3017.268,803,0,0
2025-03-26 05:35:00,3017.293,3018.844,3017.023,3018.172,481,0,0
2025-03-26 05:40:00,3018.148,3019.569,3018.122,3019.476,479,0,0
2025-03-26 05:45:00,3019.459,3020.666,3018.94,3020.333,648,0,0
2025-03-26 05:50:00,3020.34,3021.971,3019.875,3021.82,624,0,0
2025-03-26 05:55:00,3021.864,3024.162,3021.766,3022.923,1008,0,0
2025-03-26 06:00:00,3022.899,3024.309,3022.167,3023.623,994,0,0
2025-03-26 06:05:00,3023.635,3025.351,3023.526,3024.535,931,0,0
2025-03-26 06:10:00,3024.499,3025.29,3023.766,3024.748,805,0,0
2025-03-26 06:15:00,3024.722,3024.982,3023.289,3023.492,707,0,0
2025-03-26 06:20:00,3023.445,3024.951,3023.264,3024.688,628,0,0
2025-03-26 06:25:00,3024.688,3025.828,3024.574,3025.211,558,0,0
2025-03-26 06:30:00,3025.112,3025.674,3024.81,3025.263,598,0,0
2025-03-26 06:35:00,3025.189,3025.986,3024.537,3024.669,556,0,0
2025-03-26 06:40:00,3024.684,3025.841,3024.238,3025.068,526,0,0
2025-03-26 06:45:00,3025.033,3025.519,3024.802,3025.441,471,0,0
2025-03-26 06:50:00,3025.475,3026.16,3024.995,3025.723,485,0,0
2025-03-26 06:55:00,3025.777,3026.448,3025.709,3026.238,453,0,0
2025-03-26 07:00:00,3026.205,3026.654,3025.068,3026.054,477,0,0
2025-03-26 07:05:00,3026.077,3027.712,3025.927,3026.865,539,0,0
2025-03-26 07:10:00,3026.796,3027.155,3026.089,3026.507,384,0,0
2025-03-26 07:15:00,3026.497,3026.882,3025.728,3026.329,499,0,0
2025-03-26 07:20:00,3026.287,3026.931,3025.344,3025.975,607,0,0
2025-03-26 07:25:00,3025.975,3027.314,3025.675,3026.388,477,0,0
2025-03-26 07:30:00,3026.333,3028.341,3026.293,3028.05,566,0,0
2025-03-26 07:35:00,3028.018,3028.743,3027.267,3027.825,564,0,0
2025-03-26 07:40:00,3027.729,3029.079,3027.692,3028.929,412,0,0
2025-03-26 07:45:00,3028.929,3029.799,3028.704,3029.727,596,0,0
2025-03-26 07:50:00,3029.754,3030.429,3029.103,3029.523,544,0,0
2025-03-26 07:55:00,3029.55,3030.868,3029.19,3030.551,546,0,0
2025-03-26 08:00:00,3030.589,3032.122,3030.57,3030.698,587,0,0
2025-03-26 08:05:00,3030.664,3031.523,3030.37,3031.395,570,0,0
2025-03-26 08:10:00,3031.32,3031.677,3028.996,3029.078,581,0,0
2025-03-26 08:15:00,3029.038,3029.089,3027.892,3028.76,611,0,0
2025-03-26 08:20:00,3028.685,3028.796,3026.397,3026.564,633,0,0
2025-03-26 08:25:00,3026.525,3028.103,3026.432,3027.738,526,0,0
2025-03-26 08:30:00,3027.709,3028.074,3027.186,3028.072,336,0,0
2025-03-26 08:35:00,3028.03,3028.03,3026.313,3026.456,431,0,0
2025-03-26 08:40:00,3026.402,3027.216,3026.175,3026.773,437,0,0
2025-03-26 08:45:00,3026.773,3026.773,3025.755,3025.91,467,0,0
2025-03-26 08:50:00,3025.909,3025.909,3023.69,3024.041,563,0,0
2025-03-26 08:55:00,3024.035,3025.082,3023.701,3024.078,518,0,0
2025-03-26 09:00:00,3024.113,3024.262,3022.706,3023.716,564,0,0
2025-03-26 09:05:00,3023.73,3023.968,3022.235,3022.779,617,0,0
2025-03-26 09:10:00,3022.714,3023.655,3021.302,3021.607,642,0,0
2025-03-26 09:15:00,3021.604,3021.75,3020.126,3020.541,585,0,0
2025-03-26 09:20:00,3020.544,3021.165,3020.072,3020.346,448,0,0
2025-03-26 09:25:00,3020.37,3020.747,3019.729,3019.869,500,0,0
2025-03-26 09:30:00,3019.898,3020.16,3017.577,3018.812,737,0,0
2025-03-26 09:35:00,3018.782,3020.056,3018.103,3018.819,815,0,0
2025-03-26 09:40:00,3018.799,3019.579,3018.019,3019.489,643,0,0
2025-03-26 09:45:00,3019.471,3019.653,3017.761,3019.176,671,0,0
2025-03-26 09:50:00,3019.166,3020.035,3018.912,3019.796,475,0,0
2025-03-26 09:55:00,3019.802,3020.435,3018.654,3018.75,543,0,0
2025-03-26 10:00:00,3018.805,3019.281,3017.778,3019.046,425,0,0
2025-03-26 10:05:00,3019.125,3020.373,3018.39,3018.572,580,0,0
2025-03-26 10:10:00,3018.585,3019.008,3016.966,3018.432,531,0,0
2025-03-26 10:15:00,3018.394,3021.121,3018.364,3021.048,426,0,0
2025-03-26 10:20:00,3021.034,3023.032,3020.76,3022.83,689,0,0
2025-03-26 10:25:00,3022.87,3023.877,3022.759,3022.962,584,0,0
2025-03-26 10:30:00,3022.865,3023.103,3021.914,3022.097,460,0,0
2025-03-26 10:35:00,3022.037,3023.01,3021.479,3022.971,388,0,0
2025-03-26 10:40:00,3023.0,3024.256,3022.704,3022.903,558,0,0
2025-03-26 10:45:00,3022.89,3023.216,3021.588,3021.726,482,0,0
2025-03-26 10:50:00,3021.74,3024.138,3021.143,3024.01,552,0,0
2025-03-26 10:55:00,3023.927,3025.07,3023.403,3023.403,481,0,0
2025-03-26 11:00:00,3023.365,3024.332,3023.325,3023.849,375,0,0
2025-03-26 11:05:00,3023.903,3024.912,3023.903,3024.838,416,0,0
2025-03-26 11:10:00,3024.797,3026.329,3024.671,3026.264,576,0,0
2025-03-26 11:15:00,3026.259,3027.13,3025.985,3026.755,437,0,0
2025-03-26 11:20:00,3026.79,3028.599,3026.768,3027.866,487,0,0
2025-03-26 11:25:00,3027.869,3028.796,3026.892,3028.298,683,0,0
2025-03-26 11:30:00,3028.299,3029.079,3027.775,3028.3,503,0,0
2025-03-26 11:35:00,3028.331,3030.277,3028.251,3029.576,616,0,0
2025-03-26 11:40:00,3029.53,3030.44,3028.767,3029.309,507,0,0
2025-03-26 11:45:00,3029.382,3030.063,3028.022,3028.307,608,0,0
2025-03-26 11:50:00,3028.272,3029.404,3028.032,3028.201,536,0,0
2025-03-26 11:55:00,3028.225,3028.712,3026.493,3027.675,713,0,0
2025-03-26 12:00:00,3027.62,3028.815,3026.925,3028.358,699,0,0
2025-03-26 12:05:00,3028.319,3028.513,3025.721,3026.217,704,0,0
2025-03-26 12:10:00,3026.242,3027.945,3025.638,3027.497,617,0,0
2025-03-26 12:15:00,3027.492,3028.11,3026.771,3027.467,491,0,0
2025-03-26 12:20:00,3027.424,3027.657,3025.524,3026.537,689,0,0
2025-03-26 12:25:00,3026.598,3027.585,3025.981,3026.055,513,0,0
2025-03-26 12:30:00,3025.938,3028.174,3025.369,3027.516,685,0,0
2025-03-26 12:35:00,3027.486,3028.176,3025.561,3026.756,697,0,0
2025-03-26 12:40:00,3026.788,3028.876,3026.449,3028.84,796,0,0
2025-03-26 12:45:00,3028.796,3030.051,3028.381,3029.142,709,0,0
2025-03-26 12:50:00,3029.124,3029.178,3027.286,3028.346,706,0,0
2025-03-26 12:55:00,3028.319,3028.456,3026.598,3027.219,691,0,0
2025-03-26 13:00:00,3027.243,3027.565,3024.136,3025.049,944,0,0
2025-03-26 13:05:00,3024.952,3025.776,3024.057,3024.915,791,0,0
2025-03-26 13:10:00,3024.841,3025.685,3024.002,3025.685,659,0,0
2025-03-26 13:15:00,3025.606,3025.955,3022.266,3023.211,926,0,0
2025-03-26 13:20:00,3023.238,3024.222,3021.623,3023.59,1039,0,0
2025-03-26 13:25:00,3023.486,3025.854,3023.435,3024.773,715,0,0
2025-03-26 13:30:00,3024.875,3025.702,3023.05,3023.154,915,0,0
2025-03-26 13:35:00,3023.12,3023.542,3020.76,3020.977,1313,0,0
2025-03-26 13:40:00,3020.992,3022.772,3019.755,3022.163,1118,0,0
2025-03-26 13:45:00,3022.139,3022.733,3019.105,3019.349,1309,0,0
2025-03-26 13:50:00,3019.371,3019.883,3017.907,3019.62,1118,0,0
2025-03-26 13:55:00,3019.588,3019.61,3015.953,3016.798,1484,0,0
2025-03-26 14:00:00,3016.769,3018.343,3014.983,3016.037,1400,0,0
2025-03-26 14:05:00,3016.078,3019.671,3015.341,3018.265,1381,0,0
2025-03-26 14:10:00,3018.257,3019.284,3017.424,3018.166,882,0,0
2025-03-26 14:15:00,3018.199,3018.531,3016.127,3016.552,1080,0,0
2025-03-26 14:20:00,3016.528,3017.089,3015.396,3016.411,891,0,0
2025-03-26 14:25:00,3016.445,3017.064,3015.069,3015.709,738,0,0
2025-03-26 14:30:00,3015.661,3017.505,3015.207,3016.823,623,0,0
2025-03-26 14:35:00,3016.86,3019.244,3016.86,3018.883,857,0,0
2025-03-26 14:40:00,3018.854,3020.068,3018.793,3019.528,585,0,0
2025-03-26 14:45:00,3019.499,3021.784,3019.401,3019.746,854,0,0
2025-03-26 14:50:00,3019.735,3019.843,3016.539,3018.215,969,0,0
2025-03-26 14:55:00,3018.16,3019.59,3017.483,3017.549,653,0,0
2025-03-26 15:00:00,3017.523,3017.552,3012.405,3013.587,1841,0,0
2025-03-26 15:05:00,3013.589,3016.844,3012.702,3016.284,1353,0,0
2025-03-26 15:10:00,3016.258,3017.652,3015.937,3017.48,789,0,0
2025-03-26 15:15:00,3017.474,3018.984,3016.353,3017.202,973,0,0
2025-03-26 15:20:00,3017.141,3018.023,3015.405,3015.507,710,0,0
2025-03-26 15:25:00,3015.514,3017.318,3015.179,3016.364,751,0,0
2025-03-26 15:30:00,3016.443,3017.998,3016.053,3017.188,658,0,0
2025-03-26 15:35:00,3017.22,3018.943,3017.056,3017.852,747,0,0
2025-03-26 15:40:00,3017.899,3018.23,3015.934,3016.652,672,0,0
2025-03-26 15:45:00,3016.601,3018.043,3016.497,3017.473,605,0,0
2025-03-26 15:50:00,3017.487,3017.543,3015.545,3015.703,656,0,0
2025-03-26 15:55:00,3015.702,3016.363,3014.978,3015.958,797,0,0
2025-03-26 16:00:00,3015.991,3017.56,3015.838,3017.096,846,0,0
2025-03-26 16:05:00,3017.104,3017.737,3015.529,3016.36,652,0,0
2025-03-26 16:10:00,3016.275,3017.597,3015.787,3017.594,539,0,0
2025-03-26 16:15:00,3017.553,3018.703,3017.39,3018.307,655,0,0
2025-03-26 16:20:00,3018.287,3019.557,3017.173,3019.517,683,0,0
2025-03-26 16:25:00,3019.553,3020.068,3018.933,3019.221,593,0,0
2025-03-26 16:30:00,3019.19,3019.82,3018.044,3018.473,562,0,0
2025-03-26 16:35:00,3018.472,3019.153,3017.19,3017.247,556,0,0
2025-03-26 16:40:00,3017.288,3017.959,3015.525,3015.865,560,0,0
2025-03-26 16:45:00,3015.838,3017.255,3015.621,3016.604,608,0,0
2025-03-26 16:50:00,3016.566,3017.402,3016.452,3016.691,453,0,0
2025-03-26 16:55:00,3016.685,3016.701,3015.238,3015.725,453,0,0
2025-03-26 17:00:00,3015.766,3016.254,3015.341,3015.374,454,0,0
2025-03-26 17:05:00,3015.393,3016.396,3015.289,3016.197,410,0,0
2025-03-26 17:10:00,3016.164,3017.022,3015.89,3016.949,442,0,0
2025-03-26 17:15:00,3016.954,3018.085,3016.445,3017.022,574,0,0
2025-03-26 17:20:00,3017.062,3018.102,3017.012,3018.033,591,0,0
2025-03-26 17:25:00,3018.057,3018.212,3016.708,3016.828,607,0,0
2025-03-26 17:30:00,3016.748,3016.997,3015.61,3016.657,532,0,0
2025-03-26 17:35:00,3016.653,3019.131,3016.323,3018.639,529,0,0
2025-03-26 17:40:00,3018.621,3019.119,3017.719,3018.11,594,0,0
2025-03-26 17:45:00,3018.118,3018.176,3016.783,3017.246,475,0,0
2025-03-26 17:50:00,3017.244,3017.773,3016.595,3017.35,459,0,0
2025-03-26 17:55:00,3017.353,3018.848,3017.226,3018.758,369,0,0
2025-03-26 18:00:00,3018.773,3020.104,3018.733,3019.961,518,0,0
2025-03-26 18:05:00,3019.966,3020.941,3019.327,3020.404,499,0,0
2025-03-26 18:10:00,3020.425,3020.425,3019.399,3019.919,447,0,0
2025-03-26 18:15:00,3019.92,3020.595,3019.452,3019.84,421,0,0
2025-03-26 18:20:00,3019.806,3020.416,3019.5,3020.215,407,0,0
2025-03-26 18:25:00,3020.195,3020.795,3019.97,3020.65,393,0,0
2025-03-26 18:30:00,3020.65,3020.861,3019.29,3019.396,419,0,0
2025-03-26 18:35:00,3019.391,3019.931,3019.053,3019.053,368,0,0
2025-03-26 18:40:00,3019.079,3020.397,3019.079,3019.957,450,0,0
2025-03-26 18:45:00,3019.958,3020.112,3018.958,3019.159,383,0,0
2025-03-26 18:50:00,3019.152,3019.29,3018.169,3019.256,505,0,0
2025-03-26 18:55:00,3019.256,3019.256,3018.199,3018.289,392,0,0
2025-03-26 19:00:00,3018.334,3019.089,3017.76,3017.955,461,0,0
2025-03-26 19:05:00,3017.906,3018.058,3017.042,3017.37,372,0,0
2025-03-26 19:10:00,3017.358,3017.448,3015.846,3016.919,457,0,0
2025-03-26 19:15:00,3016.95,3017.293,3016.464,3016.985,426,0,0
2025-03-26 19:20:00,3016.985,3018.374,3016.951,3017.642,418,0,0
2025-03-26 19:25:00,3017.645,3017.83,3017.063,3017.327,388,0,0
2025-03-26 19:30:00,3017.351,3017.78,3016.499,3017.13,422,0,0
2025-03-26 19:35:00,3017.123,3017.647,3016.094,3016.415,414,0,0
2025-03-26 19:40:00,3016.43,3016.959,3016.024,3016.698,329,0,0
2025-03-26 19:45:00,3016.737,3017.36,3016.727,3017.081,351,0,0
2025-03-26 19:50:00,3017.095,3017.825,3016.409,3017.789,441,0,0
2025-03-26 19:55:00,3017.741,3018.219,3017.094,3017.422,457,0,0
2025-03-26 20:00:00,3017.447,3018.75,3017.242,3018.457,293,0,0
2025-03-26 20:05:00,3018.478,3018.874,3018.478,3018.654,222,0,0
2025-03-26 20:10:00,3018.651,3020.312,3018.438,3019.879,252,0,0
2025-03-26 20:15:00,3019.917,3020.533,3019.563,3019.703,287,0,0
2025-03-26 20:20:00,3019.725,3020.523,3019.39,3019.511,315,0,0
2025-03-26 20:25:00,3019.509,3020.077,3019.474,3019.712,177,0,0
2025-03-26 20:30:00,3019.705,3020.037,3019.569,3019.867,202,0,0
2025-03-26 20:35:00,3019.869,3021.836,3019.136,3021.247,473,0,0
2025-03-26 20:40:00,3021.223,3021.928,3020.234,3020.403,526,0,0
2025-03-26 20:45:00,3020.405,3021.158,3020.176,3020.241,319,0,0
2025-03-26 20:50:00,3020.236,3020.492,3019.322,3019.546,314,0,0
2025-03-26 20:55:00,3019.539,3019.806,3018.895,3019.046,245,0,0
2025-03-26 22:00:00,3020.573,3021.126,3020.092,3020.621,404,0,0
2025-03-26 22:05:00,3020.593,3020.593,3019.139,3019.253,655,0,0
2025-03-26 22:10:00,3019.228,3019.904,3018.668,3018.708,426,0,0
2025-03-26 22:15:00,3018.729,3021.131,3018.117,3020.985,530,0,0
2025-03-26 22:20:00,3020.921,3021.258,3020.418,3020.64,294,0,0
2025-03-26 22:25:00,3020.653,3021.126,3020.422,3020.652,262,0,0
2025-03-26 22:30:00,3020.611,3020.615,3019.97,3020.212,382,0,0
2025-03-26 22:35:00,3020.214,3020.517,3019.593,3019.792,344,0,0
2025-03-26 22:40:00,3019.784,3020.747,3018.865,3019.695,363,0,0
2025-03-26 22:45:00,3019.698,3020.274,3019.548,3019.991,224,0,0
2025-03-26 22:50:00,3019.971,3020.181,3019.149,3019.661,186,0,0
2025-03-26 22:55:00,3019.701,3019.792,3018.942,3019.553,188,0,0
2025-03-26 23:00:00,3019.505,3019.658,3018.521,3018.767,239,0,0
2025-03-26 23:05:00,3018.76,3019.772,3017.663,3019.772,401,0,0
2025-03-26 23:10:00,3019.765,3020.684,3019.423,3019.514,337,0,0
2025-03-26 23:15:00,3019.465,3019.594,3018.646,3018.819,256,0,0
2025-03-26 23:20:00,3018.819,3020.034,3018.375,3019.77,394,0,0
2025-03-26 23:25:00,3019.784,3020.796,3019.023,3020.69,410,0,0
2025-03-26 23:30:00,3020.72,3021.218,3020.415,3020.806,266,0,0
2025-03-26 23:35:00,3020.802,3021.333,3019.875,3020.025,379,0,0
2025-03-26 23:40:00,3019.983,3020.603,3019.762,3020.391,212,0,0
2025-03-26 23:45:00,3020.464,3021.723,3020.464,3021.723,315,0,0
2025-03-26 23:50:00,3021.664,3021.834,3021.299,3021.45,275,0,0
2025-03-26 23:55:00,3021.45,3021.78,3021.214,3021.703,243,0,0
2025-03-27 00:00:00,3021.643,3024.072,3021.602,3023.886,527,0,0
2025-03-27 00:05:00,3023.89,3025.178,3022.638,3022.854,682,0,0
2025-03-27 00:10:00,3022.83,3023.605,3022.543,3023.375,493,0,0
2025-03-27 00:15:00,3023.377,3023.377,3022.459,3022.716,257,0,0
2025-03-27 00:20:00,3022.717,3023.771,3022.407,3023.604,303,0,0
2025-03-27 00:25:00,3023.607,3023.812,3022.76,3023.442,370,0,0
2025-03-27 00:30:00,3023.413,3023.882,3022.209,3022.209,318,0,0
2025-03-27 00:35:00,3022.147,3022.419,3021.739,3021.97,332,0,0
2025-03-27 00:40:00,3021.943,3023.383,3021.85,3023.221,316,0,0
2025-03-27 00:45:00,3023.22,3024.087,3023.078,3023.784,310,0,0
2025-03-27 00:50:00,3023.809,3024.996,3023.728,3024.937,330,0,0
2025-03-27 00:55:00,3024.939,3025.832,3024.488,3025.421,444,0,0
2025-03-27 01:00:00,3025.432,3027.251,3025.278,3026.551,847,0,0
2025-03-27 01:05:00,3026.544,3027.255,3025.781,3025.876,616,0,0
2025-03-27 01:10:00,3025.908,3026.586,3025.096,3025.588,673,0,0
2025-03-27 01:15:00,3025.582,3026.663,3025.013,3026.498,654,0,0
2025-03-27 01:20:00,3026.427,3027.904,3026.203,3027.389,648,0,0
2025-03-27 01:25:00,3027.433,3028.472,3026.758,3027.023,644,0,0
2025-03-27 01:30:00,3027.022,3027.537,3025.881,3025.909,492,0,0
2025-03-27 01:35:00,3025.884,3027.522,3025.36,3026.437,618,0,0
2025-03-27 01:40:00,3026.41,3027.123,3024.339,3024.726,779,0,0
2025-03-27 01:45:00,3024.662,3025.428,3023.448,3024.083,731,0,0
2025-03-27 01:50:00,3024.13,3024.406,3023.701,3024.108,630,0,0
2025-03-27 01:55:00,3024.139,3024.313,3023.072,3023.644,478,0,0
2025-03-27 02:00:00,3023.663,3024.987,3023.27,3024.91,631,0,0
2025-03-27 02:05:00,3024.926,3026.195,3024.782,3025.983,651,0,0
2025-03-27 02:10:00,3026.077,3026.716,3025.611,3026.18,620,0,0
2025-03-27 02:15:00,3026.192,3027.047,3026.048,3026.781,468,0,0
2025-03-27 02:20:00,3026.822,3027.71,3026.493,3027.305,503,0,0
2025-03-27 02:25:00,3027.366,3027.6,3026.611,3027.327,505,0,0
2025-03-27 02:30:00,3027.345,3028.798,3027.197,3028.704,637,0,0
2025-03-27 02:35:00,3028.689,3030.448,3028.632,3030.173,728,0,0
2025-03-27 02:40:00,3030.2,3032.89,3029.718,3031.452,921,0,0
2025-03-27 02:45:00,3031.428,3031.809,3029.56,3030.737,867,0,0
2025-03-27 02:50:00,3030.75,3031.906,3030.306,3031.746,693,0,0
2025-03-27 02:55:00,3031.741,3032.215,3031.108,3031.731,666,0,0
2025-03-27 03:00:00,3031.735,3032.049,3030.209,3030.33,718,0,0
2025-03-27 03:05:00,3030.288,3031.254,3029.734,3030.38,606,0,0
2025-03-27 03:10:00,3030.344,3031.836,3030.153,3031.408,642,0,0
2025-03-27 03:15:00,3031.403,3032.008,3030.856,3031.003,512,0,0
2025-03-27 03:20:00,3031.077,3032.445,3031.009,3031.458,476,0,0
2025-03-27 03:25:00,3031.421,3032.087,3030.984,3031.985,535,0,0
2025-03-27 03:30:00,3031.981,3032.652,3031.356,3031.413,377,0,0
2025-03-27 03:35:00,3031.462,3032.292,3031.018,3032.292,357,0,0
2025-03-27 03:40:00,3032.339,3033.676,3031.939,3032.592,503,0,0
2025-03-27 03:45:00,3032.625,3033.143,3032.258,3032.494,316,0,0
2025-03-27 03:50:00,3032.478,3033.291,3032.362,3033.15,284,0,0
2025-03-27 03:55:00,3033.147,3034.366,3033.009,3033.648,425,0,0
2025-03-27 04:00:00,3033.69,3033.956,3033.103,3033.912,334,0,0
2025-03-27 04:05:00,3033.983,3036.004,3033.558,3035.102,483,0,0
2025-03-27 04:10:00,3035.14,3035.764,3034.423,3035.133,509,0,0
2025-03-27 04:15:00,3035.102,3035.474,3034.434,3035.299,434,0,0
2025-03-27 04:20:00,3035.274,3035.946,3034.625,3035.938,401,0,0
2025-03-27 04:25:00,3035.944,3037.567,3035.833,3037.258,529,0,0
2025-03-27 04:30:00,3037.231,3037.875,3036.722,3037.342,641,0,0
2025-03-27 04:35:00,3037.349,3038.712,3035.962,3035.962,567,0,0
2025-03-27 04:40:00,3035.936,3036.133,3034.491,3034.689,582,0,0
2025-03-27 04:45:00,3034.639,3034.942,3032.303,3032.544,682,0,0
2025-03-27 04:50:00,3032.539,3033.835,3031.833,3033.607,484,0,0
2025-03-27 04:55:00,3033.544,3034.439,3033.362,3034.144,510,0,0
2025-03-27 05:00:00,3034.18,3034.893,3033.595,3033.595,417,0,0
2025-03-27 05:05:00,3033.588,3034.45,3032.174,3032.587,517,0,0
2025-03-27 05:10:00,3032.546,3033.953,3031.733,3033.953,461,0,0
2025-03-27 05:15:00,3033.908,3035.476,3033.662,3035.377,589,0,0
2025-03-27 05:20:00,3035.404,3035.987,3034.48,3034.48,451,0,0
2025-03-27 05:25:00,3034.493,3034.493,3032.546,3032.546,432,0,0
2025-03-27 05:30:00,3032.574,3033.767,3031.647,3033.544,577,0,0
2025-03-27 05:35:00,3033.55,3035.121,3032.379,3034.853,690,0,0
2025-03-27 05:40:00,3034.909,3035.571,3033.208,3033.258,725,0,0
2025-03-27 05:45:00,3033.233,3033.294,3031.619,3032.465,488,0,0
2025-03-27 05:50:00,3032.437,3032.786,3030.644,3030.999,620,0,0
2025-03-27 05:55:00,3031.032,3031.782,3029.431,3029.78,710,0,0
2025-03-27 06:00:00,3029.788,3032.084,3027.964,3032.075,796,0,0
2025-03-27 06:05:00,3032.079,3033.354,3029.131,3029.538,744,0,0
2025-03-27 06:10:00,3029.512,3030.675,3028.483,3030.268,755,0,0
2025-03-27 06:15:00,3030.28,3031.096,3029.297,3029.858,672,0,0
2025-03-27 06:20:00,3029.923,3030.281,3028.884,3029.042,760,0,0
2025-03-27 06:25:00,3028.929,3029.485,3027.546,3028.039,819,0,0
2025-03-27 06:30:00,3027.986,3028.794,3027.687,3028.282,897,0,0
2025-03-27 06:35:00,3028.316,3028.724,3027.435,3027.81,681,0,0
2025-03-27 06:40:00,3027.893,3028.402,3027.619,3027.892,672,0,0
2025-03-27 06:45:00,3027.889,3029.026,3026.755,3028.718,876,0,0
2025-03-27 06:50:00,3028.726,3030.172,3028.726,3030.083,721,0,0
2025-03-27 06:55:00,3030.047,3030.399,3028.331,3029.998,985,0,0
2025-03-27 07:00:00,3030.06,3031.672,3029.294,3031.152,796,0,0
2025-03-27 07:05:00,3031.187,3034.256,3031.187,3033.096,825,0,0
2025-03-27 07:10:00,3033.136,3033.649,3031.035,3031.753,698,0,0
2025-03-27 07:15:00,3031.734,3032.718,3031.032,3032.068,713,0,0
2025-03-27 07:20:00,3032.055,3032.534,3031.082,3031.558,676,0,0
2025-03-27 07:25:00,3031.59,3031.901,3030.924,3031.273,729,0,0
2025-03-27 07:30:00,3031.308,3031.458,3029.685,3030.338,695,0,0
2025-03-27 07:35:00,3030.386,3032.562,3030.361,3032.518,595,0,0
2025-03-27 07:40:00,3032.516,3033.779,3032.242,3033.553,638,0,0
2025-03-27 07:45:00,3033.558,3035.533,3032.557,3034.109,983,0,0
2025-03-27 07:50:00,3034.198,3036.753,3033.72,3036.026,1385,0,0
2025-03-27 07:55:00,3035.973,3036.823,3035.634,3035.93,1043,0,0
2025-03-27 08:00:00,3035.907,3036.645,3034.388,3036.598,1307,0,0
2025-03-27 08:05:00,3036.604,3037.748,3035.764,3037.479,973,0,0
2025-03-27 08:10:00,3037.505,3037.945,3036.299,3037.585,807,0,0
2025-03-27 08:15:00,3037.56,3037.64,3036.494,3037.127,598,0,0
2025-03-27 08:20:00,3037.132,3038.108,3035.523,3036.51,736,0,0
2025-03-27 08:25:00,3036.517,3037.068,3035.494,3036.225,687,0,0
2025-03-27 08:30:00,3036.201,3036.822,3034.663,3034.713,583,0,0
2025-03-27 08:35:00,3034.776,3035.314,3033.95,3034.532,685,0,0
2025-03-27 08:40:00,3034.492,3034.867,3033.854,3034.041,664,0,0
2025-03-27 08:45:00,3034.015,3036.027,3033.839,3035.955,594,0,0
2025-03-27 08:50:00,3035.996,3037.517,3035.996,3037.11,869,0,0
2025-03-27 08:55:00,3037.222,3037.434,3035.576,3036.235,659,0,0
2025-03-27 09:00:00,3036.225,3038.452,3035.535,3037.264,689,0,0
2025-03-27 09:05:00,3037.26,3037.26,3035.974,3036.958,486,0,0
2025-03-27 09:10:00,3037.006,3037.32,3036.514,3036.587,407,0,0
2025-03-27 09:15:00,3036.601,3036.866,3035.43,3036.769,558,0,0
2025-03-27 09:20:00,3036.713,3037.097,3035.352,3035.564,473,0,0
2025-03-27 09:25:00,3035.539,3035.989,3034.681,3035.842,575,0,0
2025-03-27 09:30:00,3035.91,3036.126,3035.138,3036.056,556,0,0
2025-03-27 09:35:00,3036.057,3036.824,3036.041,3036.14,327,0,0
2025-03-27 09:40:00,3036.151,3036.725,3034.704,3035.793,513,0,0
2025-03-27 09:45:00,3035.719,3037.409,3035.104,3037.409,493,0,0
2025-03-27 09:50:00,3037.406,3038.496,3037.171,3038.035,395,0,0
2025-03-27 09:55:00,3038.055,3041.121,3037.979,3040.005,726,0,0
2025-03-27 10:00:00,3040.109,3043.283,3039.877,3041.693,990,0,0
2025-03-27 10:05:00,3041.683,3046.283,3041.629,3045.046,1045,0,0
2025-03-27 10:10:00,3045.078,3046.778,3045.078,3046.079,1019,0,0
2025-03-27 10:15:00,3046.079,3050.85,3046.079,3049.861,1130,0,0
2025-03-27 10:20:00,3049.797,3051.026,3047.358,3050.957,1047,0,0
2025-03-27 10:25:00,3050.923,3053.509,3050.557,3052.158,1035,0,0
2025-03-27 10:30:00,3052.182,3054.703,3050.992,3053.028,1406,0,0
2025-03-27 10:35:00,3053.065,3055.978,3052.411,3052.411,1242,0,0
2025-03-27 10:40:00,3052.464,3054.503,3051.879,3052.489,1062,0,0
2025-03-27 10:45:00,3052.483,3054.457,3051.511,3054.295,988,0,0
2025-03-27 10:50:00,3054.325,3054.742,3052.73,3052.949,974,0,0
2025-03-27 10:55:00,3052.882,3052.938,3051.339,3051.467,784,0,0
2025-03-27 11:00:00,3051.504,3053.374,3050.558,3052.042,1010,0,0
2025-03-27 11:05:00,3052.033,3053.632,3051.644,3052.375,676,0,0
2025-03-27 11:10:00,3052.411,3054.245,3052.026,3053.308,973,0,0
2025-03-27 11:15:00,3053.275,3055.724,3052.049,3052.736,845,0,0
2025-03-27 11:20:00,3052.711,3052.711,3051.309,3051.457,644,0,0
2025-03-27 11:25:00,3051.477,3051.657,3048.877,3049.91,865,0,0
2025-03-27 11:30:00,3049.945,3052.858,3049.798,3052.461,790,0,0
2025-03-27 11:35:00,3052.465,3052.976,3051.068,3052.396,668,0,0
2025-03-27 11:40:00,3052.391,3053.429,3052.242,3052.612,481,0,0
2025-03-27 11:45:00,3052.644,3053.213,3051.957,3052.629,596,0,0
2025-03-27 11:50:00,3052.622,3054.789,3052.493,3054.03,902,0,0
2025-03-27 11:55:00,3054.055,3055.59,3053.214,3054.646,775,0,0
2025-03-27 12:00:00,3054.628,3056.056,3054.628,3054.812,779,0,0
2025-03-27 12:05:00,3054.816,3055.149,3053.765,3054.34,589,0,0
2025-03-27 12:10:00,3054.337,3054.665,3051.959,3053.5,960,0,0
2025-03-27 12:15:00,3053.499,3053.7,3051.538,3053.103,865,0,0
2025-03-27 12:20:00,3053.133,3054.385,3050.08,3050.163,1021,0,0
2025-03-27 12:25:00,3050.117,3051.356,3049.444,3051.212,910,0,0
2025-03-27 12:30:00,3051.471,3052.169,3048.456,3051.052,911,0,0
2025-03-27 12:35:00,3051.147,3051.649,3047.193,3049.091,1239,0,0
2025-03-27 12:40:00,3049.132,3049.884,3047.262,3049.884,952,0,0
2025-03-27 12:45:00,3049.861,3051.708,3049.259,3050.592,1023,0,0
2025-03-27 12:50:00,3050.607,3050.831,3049.215,3049.731,814,0,0
2025-03-27 12:55:00,3049.69,3050.71,3048.886,3050.074,914,0,0
2025-03-27 13:00:00,3050.116,3051.309,3047.234,3051.172,2033,0,0
2025-03-27 13:05:00,3051.136,3052.229,3047.569,3048.703,1446,0,0
2025-03-27 13:10:00,3048.677,3048.74,3044.967,3046.183,1586,0,0
2025-03-27 13:15:00,3046.158,3046.674,3041.434,3041.54,1467,0,0
2025-03-27 13:20:00,3041.568,3042.596,3038.364,3039.7,1938,0,0
2025-03-27 13:25:00,3039.655,3043.375,3039.401,3042.363,1646,0,0
2025-03-27 13:30:00,3042.401,3043.402,3038.104,3038.747,1786,0,0
2025-03-27 13:35:00,3038.72,3039.253,3035.021,3037.393,1981,0,0
2025-03-27 13:40:00,3037.429,3037.947,3033.486,3037.101,2436,0,0
2025-03-27 13:45:00,3037.13,3038.418,3034.425,3035.074,1622,0,0
2025-03-27 13:50:00,3035.042,3039.213,3034.169,3038.808,1672,0,0
2025-03-27 13:55:00,3038.885,3040.832,3037.913,3040.627,1194,0,0
2025-03-27 14:00:00,3040.693,3045.097,3040.693,3045.063,1181,0,0
2025-03-27 14:05:00,3045.087,3046.577,3042.412,3043.23,1638,0,0
2025-03-27 14:10:00,3043.242,3047.444,3042.545,3047.254,1854,0,0
2025-03-27 14:15:00,3047.281,3049.971,3046.231,3049.929,1579,0,0
2025-03-27 14:20:00,3049.963,3050.779,3047.671,3049.619,1170,0,0
2025-03-27 14:25:00,3049.659,3051.15,3048.808,3050.735,1519,0,0
2025-03-27 14:30:00,3050.774,3052.036,3049.89,3051.257,1143,0,0
2025-03-27 14:35:00,3051.245,3058.218,3050.329,3055.979,1633,0,0
2025-03-27 14:40:00,3056.006,3056.687,3053.619,3055.186,2849,0,0
2025-03-27 14:45:00,3055.18,3059.368,3054.235,3059.103,2790,0,0
2025-03-27 14:50:00,3058.992,3059.965,3055.476,3058.11,1900,0,0
2025-03-27 14:55:00,3058.152,3058.959,3056.238,3057.714,1672,0,0
2025-03-27 15:00:00,3057.748,3058.632,3053.146,3053.917,1935,0,0
2025-03-27 15:05:00,3053.952,3055.49,3053.442,3054.332,1030,0,0
2025-03-27 15:10:00,3054.364,3056.278,3053.264,3055.911,1381,0,0
2025-03-27 15:15:00,3056.011,3057.371,3055.364,3056.375,2635,0,0
2025-03-27 15:20:00,3056.384,3057.289,3053.83,3054.196,1411,0,0
2025-03-27 15:25:00,3054.221,3056.307,3053.374,3054.692,1254,0,0
2025-03-27 15:30:00,3054.736,3057.258,3053.734,3057.143,1612,0,0
2025-03-27 15:35:00,3057.198,3059.296,3056.57,3057.465,2045,0,0
2025-03-27 15:40:00,3057.506,3058.865,3057.236,3058.253,1757,0,0
2025-03-27 15:45:00,3058.21,3058.756,3057.745,3058.242,1623,0,0
2025-03-27 15:50:00,3058.201,3058.891,3053.589,3054.55,1477,0,0
2025-03-27 15:55:00,3054.495,3054.672,3051.466,3052.286,1201,0,0
2025-03-27 16:00:00,3052.203,3052.575,3050.442,3051.787,1435,0,0
2025-03-27 16:05:00,3051.816,3053.816,3051.429,3052.539,1542,0,0
2025-03-27 16:10:00,3052.509,3053.261,3051.148,3052.252,1127,0,0
2025-03-27 16:15:00,3052.121,3052.796,3050.941,3051.39,1026,0,0
2025-03-27 16:20:00,3051.386,3053.452,3050.765,3053.054,1231,0,0
2025-03-27 16:25:00,3053.03,3054.332,3052.609,3053.11,1282,0,0
2025-03-27 16:30:00,3053.122,3053.183,3050.781,3051.056,978,0,0
2025-03-27 16:35:00,3050.999,3052.591,3050.661,3051.533,832,0,0
2025-03-27 16:40:00,3051.497,3051.511,3049.733,3051.426,1011,0,0
2025-03-27 16:45:00,3051.378,3052.366,3049.725,3049.893,772,0,0
2025-03-27 16:50:00,3049.864,3050.573,3047.881,3049.779,873,0,0
2025-03-27 16:55:00,3049.81,3050.259,3048.273,3048.468,644,0,0
2025-03-27 17:00:00,3048.452,3051.244,3048.377,3050.848,747,0,0
2025-03-27 17:05:00,3050.835,3052.357,3050.011,3050.264,673,0,0
2025-03-27 17:10:00,3050.303,3052.071,3050.028,3051.035,682,0,0
2025-03-27 17:15:00,3051.106,3051.999,3050.705,3051.586,576,0,0
2025-03-27 17:20:00,3051.484,3051.617,3049.573,3050.565,602,0,0
2025-03-27 17:25:00,3050.549,3050.581,3048.387,3048.856,841,0,0
2025-03-27 17:30:00,3048.889,3050.581,3047.903,3049.793,1061,0,0
2025-03-27 17:35:00,3049.831,3051.082,3049.711,3050.515,1223,0,0
2025-03-27 17:40:00,3050.524,3050.693,3049.64,3049.829,662,0,0
2025-03-27 17:45:00,3049.869,3051.496,3049.493,3051.37,641,0,0
2025-03-27 17:50:00,3051.402,3053.157,3051.317,3052.553,776,0,0
2025-03-27 17:55:00,3052.548,3053.339,3052.341,3052.918,628,0,0
2025-03-27 18:00:00,3052.969,3053.573,3052.775,3053.129,439,0,0
2025-03-27 18:05:00,3053.116,3054.479,3053.01,3054.015,552,0,0
2025-03-27 18:10:00,3054.049,3055.07,3053.591,3054.594,566,0,0
2025-03-27 18:15:00,3054.667,3054.949,3053.874,3054.479,466,0,0
2025-03-27 18:20:00,3054.464,3054.556,3053.856,3054.542,400,0,0
2025-03-27 18:25:00,3054.517,3055.984,3054.186,3054.839,504,0,0
2025-03-27 18:30:00,3054.876,3056.182,3054.876,3056.136,550,0,0
2025-03-27 18:35:00,3056.029,3056.493,3055.572,3056.278,454,0,0
2025-03-27 18:40:00,3056.311,3057.426,3056.103,3057.367,464,0,0
2025-03-27 18:45:00,3057.395,3057.663,3056.052,3056.212,615,0,0
2025-03-27 18:50:00,3056.245,3057.144,3056.14,3056.915,444,0,0
2025-03-27 18:55:00,3056.923,3057.144,3055.864,3055.962,433,0,0
2025-03-27 19:00:00,3055.941,3055.987,3055.018,3055.724,447,0,0
2025-03-27 19:05:00,3055.718,3056.603,3055.604,3056.406,418,0,0
2025-03-27 19:10:00,3056.448,3057.378,3056.448,3057.159,409,0,0
2025-03-27 19:15:00,3057.133,3057.326,3056.554,3056.753,367,0,0
2025-03-27 19:20:00,3056.763,3057.423,3056.354,3057.204,453,0,0
2025-03-27 19:25:00,3057.167,3057.783,3057.009,3057.281,318,0,0
2025-03-27 19:30:00,3056.522,3057.241,3056.487,3057.128,265,0,0
2025-03-27 19:35:00,3057.087,3057.333,3056.475,3056.695,478,0,0
2025-03-27 19:40:00,3056.656,3057.569,3056.482,3057.169,598,0,0
2025-03-27 19:45:00,3057.204,3057.827,3056.976,3057.762,556,0,0
2025-03-27 19:50:00,3057.708,3057.871,3057.312,3057.449,537,0,0
2025-03-27 19:55:00,3057.414,3057.911,3057.255,3057.548,507,0,0
2025-03-27 20:00:00,3057.518,3057.683,3056.757,3057.214,284,0,0
2025-03-27 20:05:00,3057.245,3057.311,3056.087,3056.401,271,0,0
2025-03-27 20:10:00,3056.383,3056.742,3056.088,3056.554,247,0,0
2025-03-27 20:15:00,3056.538,3056.615,3055.214,3055.511,238,0,0
2025-03-27 20:20:00,3055.512,3056.481,3055.437,3056.388,206,0,0
2025-03-27 20:25:00,3056.39,3056.809,3056.18,3056.431,169,0,0
2025-03-27 20:30:00,3056.415,3056.651,3056.162,3056.247,167,0,0
2025-03-27 20:35:00,3056.317,3057.028,3056.277,3056.623,175,0,0
2025-03-27 20:40:00,3056.601,3056.695,3056.193,3056.389,196,0,0
2025-03-27 20:45:00,3056.389,3056.829,3056.083,3056.766,193,0,0
2025-03-27 20:50:00,3056.722,3057.193,3056.173,3056.962,216,0,0
2025-03-27 20:55:00,3056.943,3057.095,3056.557,3056.749,133,0,0
2025-03-27 22:00:00,3055.938,3056.575,3055.938,3056.116,221,0,0
2025-03-27 22:05:00,3056.107,3057.193,3055.928,3056.685,291,0,0
2025-03-27 22:10:00,3056.649,3056.649,3055.214,3055.396,222,0,0
2025-03-27 22:15:00,3055.322,3055.671,3054.879,3055.478,274,0,0
2025-03-27 22:20:00,3055.413,3055.946,3054.845,3055.737,213,0,0
2025-03-27 22:25:00,3055.738,3056.586,3055.568,3056.408,182,0,0
2025-03-27 22:30:00,3056.416,3056.818,3055.771,3056.537,317,0,0
2025-03-27 22:35:00,3056.562,3057.717,3056.489,3056.547,347,0,0
2025-03-27 22:40:00,3056.566,3057.175,3055.83,3055.83,339,0,0
2025-03-27 22:45:00,3055.828,3056.05,3055.48,3055.88,241,0,0
2025-03-27 22:50:00,3055.878,3056.436,3055.617,3055.723,225,0,0
2025-03-27 22:55:00,3055.739,3055.886,3054.567,3055.108,292,0,0
2025-03-27 23:00:00,3055.11,3055.301,3054.425,3054.468,258,0,0
2025-03-27 23:05:00,3054.47,3054.9,3054.243,3054.476,232,0,0
2025-03-27 23:10:00,3054.473,3054.781,3054.264,3054.584,167,0,0
2025-03-27 23:15:00,3054.577,3055.361,3054.577,3054.91,185,0,0
2025-03-27 23:20:00,3054.9,3055.062,3054.214,3054.7,212,0,0
2025-03-27 23:25:00,3054.695,3054.845,3054.34,3054.718,196,0,0
2025-03-27 23:30:00,3054.617,3055.138,3054.311,3054.54,255,0,0
2025-03-27 23:35:00,3054.567,3055.04,3054.517,3055.04,170,0,0
2025-03-27 23:40:00,3055.04,3055.345,3054.727,3055.345,233,0,0
2025-03-27 23:45:00,3055.269,3056.125,3055.093,3055.854,273,0,0
2025-03-27 23:50:00,3055.851,3055.915,3054.873,3055.605,276,0,0
2025-03-27 23:55:00,3055.609,3056.236,3055.583,3055.79,247,0,0
2025-03-28 00:00:00,3055.806,3057.176,3055.073,3057.176,377,0,0
2025-03-28 00:05:00,3057.17,3059.929,3057.133,3059.929,606,0,0
2025-03-28 00:10:00,3059.843,3062.077,3057.985,3058.384,984,0,0
2025-03-28 00:15:00,3058.347,3060.381,3058.11,3060.381,683,0,0
2025-03-28 00:20:00,3060.331,3062.932,3059.969,3062.742,708,0,0
2025-03-28 00:25:00,3062.701,3063.571,3062.014,3062.164,741,0,0
2025-03-28 00:30:00,3062.122,3062.989,3061.415,3062.473,765,0,0
2025-03-28 00:35:00,3062.492,3062.679,3060.825,3061.513,619,0,0
2025-03-28 00:40:00,3061.55,3061.992,3060.989,3061.702,439,0,0
2025-03-28 00:45:00,3061.718,3062.378,3061.148,3062.0,370,0,0
2025-03-28 00:50:00,3062.026,3063.05,3062.026,3062.212,464,0,0
2025-03-28 00:55:00,3062.182,3062.749,3061.864,3062.057,387,0,0
2025-03-28 01:00:00,3062.017,3064.294,3061.888,3064.294,1324,0,0
2025-03-28 01:05:00,3064.319,3065.096,3063.15,3064.883,1081,0,0
2025-03-28 01:10:00,3064.922,3066.387,3064.398,3066.187,518,0,0
2025-03-28 01:15:00,3066.153,3066.758,3065.303,3065.716,856,0,0
2025-03-28 01:20:00,3065.691,3066.177,3064.237,3065.808,761,0,0
2025-03-28 01:25:00,3065.81,3065.979,3064.938,3065.784,614,0,0
2025-03-28 01:30:00,3065.822,3069.046,3065.822,3066.65,894,0,0
2025-03-28 01:35:00,3066.676,3068.126,3066.325,3067.025,828,0,0
2025-03-28 01:40:00,3067.049,3069.469,3066.696,3068.766,683,0,0
2025-03-28 01:45:00,3068.787,3072.526,3068.365,3071.994,1042,0,0
2025-03-28 01:50:00,3072.038,3072.928,3070.948,3072.456,1123,0,0
2025-03-28 01:55:00,3072.487,3074.138,3071.697,3073.985,1045,0,0
2025-03-28 02:00:00,3073.954,3075.636,3072.751,3075.166,974,0,0
2025-03-28 02:05:00,3075.162,3077.139,3074.61,3076.878,916,0,0
2025-03-28 02:10:00,3076.879,3077.582,3073.791,3073.956,984,0,0
2025-03-28 02:15:00,3073.964,3075.59,3073.66,3074.936,626,0,0
2025-03-28 02:20:00,3074.968,3076.054,3074.357,3075.858,624,0,0
2025-03-28 02:25:00,3075.916,3077.65,3074.972,3075.614,985,0,0
2025-03-28 02:30:00,3075.533,3075.755,3071.928,3072.27,1037,0,0
2025-03-28 02:35:00,3072.215,3072.919,3071.19,3072.368,782,0,0
2025-03-28 02:40:00,3072.329,3072.329,3071.104,3071.299,630,0,0
2025-03-28 02:45:00,3071.304,3071.881,3070.141,3071.738,741,0,0
2025-03-28 02:50:00,3071.701,3072.061,3070.503,3071.643,692,0,0
2025-03-28 02:55:00,3071.686,3072.72,3071.219,3072.002,672,0,0
2025-03-28 03:00:00,3071.96,3072.597,3071.48,3071.553,680,0,0
2025-03-28 03:05:00,3071.619,3072.409,3070.494,3071.257,637,0,0
2025-03-28 03:10:00,3071.224,3072.165,3070.738,3071.19,621,0,0
2025-03-28 03:15:00,3071.216,3071.396,3070.02,3070.352,618,0,0
2025-03-28 03:20:00,3070.38,3072.299,3070.044,3072.253,561,0,0
2025-03-28 03:25:00,3072.256,3074.124,3072.187,3073.825,730,0,0
2025-03-28 03:30:00,3073.865,3074.24,3069.725,3071.174,756,0,0
2025-03-28 03:35:00,3071.137,3073.52,3070.501,3073.044,569,0,0
2025-03-28 03:40:00,3073.056,3073.071,3072.16,3072.461,439,0,0
2025-03-28 03:45:00,3072.532,3074.281,3072.394,3074.074,498,0,0
2025-03-28 03:50:00,3074.086,3074.586,3073.486,3074.315,556,0,0
2025-03-28 03:55:00,3074.381,3076.782,3074.12,3075.406,769,0,0
2025-03-28 04:00:00,3075.33,3075.502,3074.266,3074.295,610,0,0
2025-03-28 04:05:00,3074.3,3074.336,3073.401,3073.772,379,0,0
2025-03-28 04:10:00,3073.763,3073.763,3072.607,3072.884,399,0,0
2025-03-28 04:15:00,3072.892,3074.09,3072.729,3073.917,418,0,0
2025-03-28 04:20:00,3073.917,3074.026,3073.179,3073.763,394,0,0
2025-03-28 04:25:00,3073.767,3074.258,3073.488,3074.131,340,0,0
2025-03-28 04:30:00,3074.134,3074.336,3073.129,3073.391,399,0,0
2025-03-28 04:35:00,3073.427,3074.499,3073.427,3074.281,362,0,0
2025-03-28 04:40:00,3074.25,3075.426,3073.557,3073.692,653,0,0
2025-03-28 04:45:00,3073.724,3073.983,3072.893,3073.379,484,0,0
2025-03-28 04:50:00,3073.383,3073.691,3072.908,3073.204,333,0,0
2025-03-28 04:55:00,3073.244,3074.036,3072.827,3073.971,317,0,0
2025-03-28 05:00:00,3073.917,3074.608,3073.809,3074.189,366,0,0
2025-03-28 05:05:00,3074.257,3074.649,3073.819,3074.086,369,0,0
2025-03-28 05:10:00,3074.094,3074.094,3072.526,3072.99,462,0,0
2025-03-28 05:15:00,3072.923,3074.414,3072.916,3074.328,401,0,0
2025-03-28 05:20:00,3074.348,3075.848,3074.032,3075.68,462,0,0
2025-03-28 05:25:00,3075.644,3076.803,3075.126,3076.437,551,0,0
2025-03-28 05:30:00,3076.453,3078.032,3075.963,3077.837,784,0,0
2025-03-28 05:35:00,3077.852,3078.107,3077.123,3077.197,428,0,0
2025-03-28 05:40:00,3077.226,3079.393,3076.96,3078.015,659,0,0
2025-03-28 05:45:00,3078.051,3079.851,3077.133,3077.588,849,0,0
2025-03-28 05:50:00,3077.545,3080.04,3077.257,3079.569,837,0,0
2025-03-28 05:55:00,3079.613,3082.091,3077.885,3077.913,1100,0,0
2025-03-28 06:00:00,3077.889,3079.945,3076.703,3079.945,1077,0,0
2025-03-28 06:05:00,3079.906,3082.884,3079.582,3081.346,819,0,0
2025-03-28 06:10:00,3081.311,3081.891,3080.244,3080.534,692,0,0
2025-03-28 06:15:00,3080.515,3081.066,3079.269,3079.768,926,0,0
2025-03-28 06:20:00,3079.743,3080.803,3079.366,3080.554,599,0,0
2025-03-28 06:25:00,3080.585,3082.03,3080.169,3081.946,781,0,0
2025-03-28 06:30:00,3081.908,3083.349,3080.784,3081.387,958,0,0
2025-03-28 06:35:00,3081.362,3082.322,3080.343,3081.527,626,0,0
2025-03-28 06:40:00,3081.585,3082.875,3081.354,3082.316,740,0,0
2025-03-28 06:45:00,3082.353,3084.819,3082.23,3083.881,1003,0,0
2025-03-28 06:50:00,3083.896,3085.023,3083.59,3084.291,626,0,0
2025-03-28 06:55:00,3084.34,3084.779,3083.527,3084.779,659,0,0
2025-03-28 07:00:00,3084.78,3084.88,3083.428,3084.495,462,0,0
2025-03-28 07:05:00,3084.471,3086.072,3083.441,3083.865,810,0,0
2025-03-28 07:10:00,3083.801,3084.748,3082.732,3083.531,612,0,0
2025-03-28 07:15:00,3083.506,3084.728,3082.615,3084.488,615,0,0
2025-03-28 07:20:00,3084.449,3085.769,3083.753,3084.662,671,0,0
2025-03-28 07:25:00,3084.702,3084.867,3082.168,3083.138,574,0,0
2025-03-28 07:30:00,3083.131,3083.313,3080.752,3080.851,614,0,0
2025-03-28 07:35:00,3080.811,3081.971,3080.31,3080.579,740,0,0
2025-03-28 07:40:00,3080.605,3082.496,3080.214,3082.229,656,0,0
2025-03-28 07:45:00,3082.259,3082.702,3079.216,3079.25,638,0,0
2025-03-28 07:50:00,3079.188,3080.757,3077.863,3080.413,631,0,0
2025-03-28 07:55:00,3080.389,3080.589,3078.584,3079.428,725,0,0
2025-03-28 08:00:00,3079.382,3081.311,3078.726,3079.175,520,0,0
2025-03-28 08:05:00,3079.151,3079.151,3075.7,3076.579,746,0,0
2025-03-28 08:10:00,3076.589,3076.72,3074.097,3075.038,804,0,0
2025-03-28 08:15:00,3075.142,3075.187,3072.202,3073.173,862,0,0
2025-03-28 08:20:00,3073.177,3074.369,3070.423,3071.251,778,0,0
2025-03-28 08:25:00,3071.233,3071.233,3066.233,3066.394,1112,0,0
2025-03-28 08:30:00,3066.359,3069.833,3066.281,3069.167,892,0,0
2025-03-28 08:35:00,3069.233,3071.29,3069.178,3070.91,903,0,0
2025-03-28 08:40:00,3070.935,3071.68,3070.598,3071.288,653,0,0
2025-03-28 08:45:00,3071.244,3071.973,3070.36,3071.423,628,0,0
2025-03-28 08:50:00,3071.463,3072.408,3071.277,3072.379,509,0,0
2025-03-28 08:55:00,3072.307,3074.189,3072.281,3073.057,580,0,0
2025-03-28 09:00:00,3073.08,3073.789,3071.507,3071.722,560,0,0
2025-03-28 09:05:00,3071.657,3072.042,3070.203,3070.208,535,0,0
2025-03-28 09:10:00,3070.212,3072.275,3069.697,3072.042,589,0,0
2025-03-28 09:15:00,3072.081,3073.79,3071.517,3071.668,607,0,0
2025-03-28 09:20:00,3071.633,3072.745,3071.196,3072.454,702,0,0
2025-03-28 09:25:00,3072.434,3074.053,3072.162,3073.971,589,0,0
2025-03-28 09:30:00,3073.959,3073.959,3072.011,3073.463,551,0,0
2025-03-28 09:35:00,3073.47,3074.282,3072.751,3073.476,496,0,0
2025-03-28 09:40:00,3073.422,3076.309,3072.901,3075.139,754,0,0
2025-03-28 09:45:00,3075.184,3075.287,3072.757,3073.827,632,0,0
2025-03-28 09:50:00,3073.831,3073.831,3072.031,3072.669,450,0,0
2025-03-28 09:55:00,3072.674,3073.237,3072.499,3072.92,345,0,0
2025-03-28 10:00:00,3072.975,3074.308,3072.784,3073.476,420,0,0
2025-03-28 10:05:00,3073.431,3073.431,3071.126,3071.187,528,0,0
2025-03-28 10:10:00,3071.182,3072.178,3070.379,3072.114,534,0,0
2025-03-28 10:15:00,3072.116,3072.52,3069.551,3069.756,676,0,0
2025-03-28 10:20:00,3069.788,3070.756,3067.445,3069.62,1278,0,0
2025-03-28 10:25:00,3069.579,3071.82,3069.579,3070.317,797,0,0
2025-03-28 10:30:00,3070.351,3071.296,3069.751,3070.795,642,0,0
2025-03-28 10:35:00,3070.744,3073.448,3070.386,3073.027,702,0,0
2025-03-28 10:40:00,3073.104,3074.729,3073.104,3073.779,459,0,0
2025-03-28 10:45:00,3073.769,3074.363,3073.507,3073.638,717,0,0
2025-03-28 10:50:00,3073.674,3074.705,3073.648,3074.439,673,0,0
2025-03-28 10:55:00,3074.445,3074.481,3073.679,3074.351,506,0,0
2025-03-28 11:00:00,3074.313,3076.168,3074.128,3075.911,584,0,0
2025-03-28 11:05:00,3075.982,3076.905,3074.588,3075.657,715,0,0
2025-03-28 11:10:00,3075.648,3076.901,3075.46,3076.843,544,0,0
2025-03-28 11:15:00,3076.824,3078.192,3076.39,3078.098,654,0,0
2025-03-28 11:20:00,3078.1,3078.466,3077.181,3078.25,872,0,0
2025-03-28 11:25:00,3078.274,3079.276,3078.081,3078.594,604,0,0
2025-03-28 11:30:00,3078.654,3079.275,3078.361,3078.924,494,0,0
2025-03-28 11:35:00,3078.899,3079.981,3077.398,3079.01,643,0,0
2025-03-28 11:40:00,3079.057,3079.272,3077.469,3077.841,613,0,0
2025-03-28 11:45:00,3077.794,3078.536,3077.212,3077.644,688,0,0
2025-03-28 11:50:00,3077.668,3078.701,3077.5,3078.039,601,0,0
2025-03-28 11:55:00,3078.083,3078.156,3076.209,3076.452,522,0,0
2025-03-28 12:00:00,3076.424,3076.55,3074.509,3074.874,512,0,0
2025-03-28 12:05:00,3074.863,3074.896,3073.752,3074.149,430,0,0
2025-03-28 12:10:00,3074.199,3076.906,3074.199,3076.402,804,0,0
2025-03-28 12:15:00,3076.377,3076.377,3074.528,3074.696,686,0,0
2025-03-28 12:20:00,3074.733,3076.021,3072.536,3075.859,1335,0,0
2025-03-28 12:25:00,3075.9,3076.924,3075.081,3076.204,991,0,0
2025-03-28 12:30:00,3076.186,3078.609,3074.11,3078.207,1020,0,0
2025-03-28 12:35:00,3078.179,3081.257,3078.154,3080.489,1586,0,0
2025-03-28 12:40:00,3080.536,3080.815,3078.587,3080.284,1165,0,0
2025-03-28 12:45:00,3080.261,3081.154,3078.899,3079.435,968,0,0
2025-03-28 12:50:00,3079.467,3081.949,3078.912,3080.896,1076,0,0
2025-03-28 12:55:00,3080.946,3081.12,3077.154,3077.536,1140,0,0
2025-03-28 13:00:00,3077.419,3079.059,3075.042,3077.524,2275,0,0
2025-03-28 13:05:00,3077.458,3079.932,3074.47,3074.856,1630,0,0
2025-03-28 13:10:00,3074.805,3076.025,3071.321,3073.882,2219,0,0
2025-03-28 13:15:00,3073.831,3074.472,3070.81,3074.404,2027,0,0
2025-03-28 13:20:00,3074.434,3075.196,3071.487,3073.517,1823,0,0
2025-03-28 13:25:00,3073.486,3077.33,3073.048,3076.697,1623,0,0
2025-03-28 13:30:00,3076.722,3079.481,3073.428,3074.984,2113,0,0
2025-03-28 13:35:00,3074.955,3077.11,3071.36,3072.181,2046,0,0
2025-03-28 13:40:00,3072.08,3078.746,3071.869,3075.827,1744,0,0
2025-03-28 13:45:00,3075.779,3079.545,3074.647,3078.764,1823,0,0
2025-03-28 13:50:00,3078.789,3083.072,3078.749,3082.58,1620,0,0
2025-03-28 13:55:00,3082.608,3084.197,3081.021,3083.62,1200,0,0
2025-03-28 14:00:00,3083.621,3086.168,3082.886,3084.937,1071,0,0
2025-03-28 14:05:00,3084.978,3086.839,3081.208,3082.1,1976,0,0
2025-03-28 14:10:00,3082.135,3084.487,3080.089,3080.626,2105,0,0
2025-03-28 14:15:00,3080.597,3081.871,3077.92,3081.746,2281,0,0
2025-03-28 14:20:00,3081.85,3084.368,3080.715,3082.189,2124,0,0
2025-03-28 14:25:00,3082.154,3082.491,3075.46,3076.281,2230,0,0
2025-03-28 14:30:00,3076.242,3076.511,3070.366,3073.517,3535,0,0
2025-03-28 14:35:00,3073.581,3075.611,3068.165,3071.077,3954,0,0
2025-03-28 14:40:00,3071.04,3074.843,3068.701,3074.046,3093,0,0
2025-03-28 14:45:00,3074.147,3074.916,3070.141,3072.912,2522,0,0
2025-03-28 14:50:00,3072.946,3074.238,3069.532,3071.067,2335,0,0
2025-03-28 14:55:00,3071.062,3072.581,3068.106,3070.046,2850,0,0
2025-03-28 15:00:00,3070.018,3072.849,3067.335,3072.11,2960,0,0
2025-03-28 15:05:00,3072.094,3076.323,3070.389,3074.959,2285,0,0
2025-03-28 15:10:00,3074.943,3075.752,3073.31,3074.954,1489,0,0
2025-03-28 15:15:00,3074.895,3078.487,3074.648,3077.723,1661,0,0
2025-03-28 15:20:00,3077.697,3080.364,3077.646,3079.844,1246,0,0
2025-03-28 15:25:00,3079.806,3081.346,3079.172,3079.887,1095,0,0
2025-03-28 15:30:00,3079.877,3081.728,3078.917,3080.024,1135,0,0
2025-03-28 15:35:00,3080.069,3083.523,3079.94,3082.854,1169,0,0
2025-03-28 15:40:00,3082.889,3083.716,3081.989,3083.567,933,0,0
2025-03-28 15:45:00,3083.583,3084.908,3082.746,3083.334,908,0,0
2025-03-28 15:50:00,3083.362,3084.537,3082.141,3083.827,919,0,0
2025-03-28 15:55:00,3083.86,3085.804,3083.592,3083.821,839,0,0
2025-03-28 16:00:00,3083.775,3086.822,3082.881,3085.929,861,0,0
2025-03-28 16:05:00,3085.951,3085.951,3083.26,3083.844,890,0,0
2025-03-28 16:10:00,3083.748,3084.326,3081.76,3084.033,919,0,0
2025-03-28 16:15:00,3083.939,3084.137,3082.68,3083.264,910,0,0
2025-03-28 16:20:00,3083.271,3084.422,3083.101,3084.05,823,0,0
2025-03-28 16:25:00,3084.051,3084.051,3080.53,3081.504,975,0,0
2025-03-28 16:30:00,3081.52,3084.843,3081.442,3083.777,825,0,0
2025-03-28 16:35:00,3083.812,3084.945,3082.866,3082.985,689,0,0
2025-03-28 16:40:00,3082.958,3084.627,3082.433,3083.013,840,0,0
2025-03-28 16:45:00,3083.0,3084.026,3081.498,3083.709,797,0,0
2025-03-28 16:50:00,3083.675,3085.046,3083.258,3083.968,692,0,0
2025-03-28 16:55:00,3084.004,3084.431,3082.599,3083.959,731,0,0
2025-03-28 17:00:00,3083.919,3085.6,3083.004,3084.98,746,0,0
2025-03-28 17:05:00,3084.942,3086.064,3084.745,3085.33,635,0,0
2025-03-28 17:10:00,3085.337,3085.795,3083.048,3083.175,525,0,0
2025-03-28 17:15:00,3083.194,3084.023,3082.053,3083.597,737,0,0
2025-03-28 17:20:00,3083.561,3085.752,3083.436,3084.392,824,0,0
2025-03-28 17:25:00,3084.358,3084.442,3080.592,3080.938,1177,0,0
2025-03-28 17:30:00,3080.98,3082.452,3080.058,3082.452,913,0,0
2025-03-28 17:35:00,3082.459,3082.535,3079.849,3079.949,750,0,0
2025-03-28 17:40:00,3079.971,3081.103,3078.502,3078.654,767,0,0
2025-03-28 17:45:00,3078.63,3078.63,3076.192,3076.604,774,0,0
2025-03-28 17:50:00,3076.629,3078.122,3076.208,3077.112,726,0,0
2025-03-28 17:55:00,3077.126,3078.206,3076.643,3077.511,655,0,0
2025-03-28 18:00:00,3077.553,3079.1,3077.408,3078.056,777,0,0
2025-03-28 18:05:00,3078.082,3078.876,3077.754,3078.824,678,0,0
2025-03-28 18:10:00,3078.883,3079.993,3078.422,3079.755,517,0,0
2025-03-28 18:15:00,3079.795,3080.565,3078.946,3080.145,572,0,0
2025-03-28 18:20:00,3080.134,3080.512,3079.55,3079.937,526,0,0
2025-03-28 18:25:00,3079.911,3079.937,3078.544,3078.949,608,0,0
2025-03-28 18:30:00,3078.991,3079.858,3077.563,3077.687,567,0,0
2025-03-28 18:35:00,3077.651,3077.657,3074.374,3074.506,647,0,0
2025-03-28 18:40:00,3074.547,3076.316,3073.568,3075.76,718,0,0
2025-03-28 18:45:00,3075.788,3077.964,3075.706,3077.933,543,0,0
2025-03-28 18:50:00,3077.911,3079.662,3077.265,3079.264,618,0,0
2025-03-28 18:55:00,3079.277,3080.55,3079.248,3079.763,584,0,0
2025-03-28 19:00:00,3079.738,3081.252,3079.526,3081.079,753,0,0
2025-03-28 19:05:00,3081.082,3081.787,3080.658,3080.753,461,0,0
2025-03-28 19:10:00,3080.705,3081.176,3079.855,3080.12,552,0,0
2025-03-28 19:15:00,3080.124,3080.633,3079.759,3080.389,432,0,0
2025-03-28 19:20:00,3080.343,3080.548,3079.767,3080.254,459,0,0
2025-03-28 19:25:00,3080.311,3081.162,3079.851,3080.8,464,0,0
2025-03-28 19:30:00,3080.812,3081.656,3080.118,3080.915,547,0,0
2025-03-28 19:35:00,3080.913,3081.721,3080.772,3081.434,482,0,0
2025-03-28 19:40:00,3081.469,3081.926,3081.074,3081.234,498,0,0
2025-03-28 19:45:00,3081.182,3081.842,3080.335,3081.471,491,0,0
2025-03-28 19:50:00,3081.502,3081.862,3080.533,3081.511,521,0,0
2025-03-28 19:55:00,3081.469,3081.585,3080.623,3080.814,584,0,0
2025-03-28 20:00:00,3080.889,3082.214,3080.889,3081.941,407,0,0
2025-03-28 20:05:00,3081.936,3083.001,3081.361,3082.704,323,0,0
2025-03-28 20:10:00,3082.702,3083.242,3082.246,3083.054,299,0,0
2025-03-28 20:15:00,3083.058,3083.688,3082.215,3082.589,365,0,0
2025-03-28 20:20:00,3082.589,3083.092,3082.029,3082.642,384,0,0
2025-03-28 20:25:00,3082.641,3082.824,3081.955,3082.654,313,0,0
2025-03-28 20:30:00,3082.678,3085.264,3082.462,3084.439,508,0,0
2025-03-28 20:35:00,3084.51,3084.511,3081.786,3082.471,425,0,0
2025-03-28 20:40:00,3082.516,3083.691,3082.436,3083.446,247,0,0
2025-03-28 20:45:00,3083.449,3086.035,3083.193,3085.683,406,0,0
2025-03-28 20:50:00,3085.643,3086.008,3084.023,3084.159,465,0,0
2025-03-28 20:55:00,3084.191,3085.342,3083.789,3085.082,427,0,0
